onset	duration	trial_type
6611.556152	12.663574	seizure
8833.555664	20.842773	seizure
12151.194336	26.518555	seizure
14647.774414	8.724609	seizure
19107.298828	5.392578	seizure
19277.900391	25.263672	seizure
20320.150391	23.841797	seizure
37689.507812	12.082031	seizure
38553.906250	5.949219	seizure
47887.906250	12.953125	seizure
48880.777344	10.296875	seizure
55347.644531	17.402344	seizure
55382.878906	19.652344	seizure
55417.125000	11.304688	seizure
55453.496094	5.757812	seizure
55485.250000	17.007812	seizure
55521.890625	19.949219	seizure
55590.046875	20.394531	seizure
55664.347656	21.648438	seizure
56136.226562	19.925781	seizure
58357.539062	17.964844	seizure
58390.125000	18.800781	seizure
61671.128906	20.667969	seizure
61710.230469	20.250000	seizure
61912.546875	17.292969	seizure
